"2","Aviso en gzfile(file, ""wb"") :"
"2","
 "
"2"," cannot open compressed file 'C:/Users/Mariana Velez/OneDrive - Universidad de los andes/Documentos/Universidad/8 semestre/Inferencia E Informática/Laboratorio/taller-06/.Rproj.user/shared/notebooks/17828101-taller-06/1/E81E19F58fc046e6/c8kr61zocvtmy_t/c8fdbaca010b4594a751c7e4677b80d1.snapshot', probable reason 'No such file or directory'
"
"2","Error en gzfile(file, ""wb""): no se puede abrir la conexión
"
"0",""
"0",""
"0",""
"0","permu_don <- pol |> "
"0","          specify(Donated ~ Ants) |> "
"0","          hypothesize(null = ""independence"") |> "
"0","          generate(reps=1000,type=""permute"") |> "
"0","          calculate("
"0","                stat = ""diff in means"","
"0","                order = c(""0"",""1"")"
"0","            "
"0","          )"
"0",""
"0","permu_don |> "
"0","  visualize()+"
"0","  labs(y= ""Frecuencia"", x = ""Diferencia Medias Tinta Donada"" , title =""Distribución Nula"")+"
"0","        geom_vline(data = datos_don, aes(xintercept = stat), color = ""black"",linetype = ""dotted"")+"
"0","        geom_text(data= datos_don, aes(label= ""M0-M1"",x=stat),y = .1, color = ""black"", vjust = -4,size=3,hjust=-0.0000001)+"
"0","        theme(plot.title = element_text(hjust = 0.5))+"
"0","        scale_color_manual(values = c(""Diferencia de Medias Observada"" = ""black""))"
