"0","print(""Normalidad de los índices promedio de FFMC"")"
"1","[1]"
"1"," ""Normalidad de los índices promedio de FFMC"""
"1","
"
"0","shapiro.test(fore$FFMC)"
"1","
"
"1","	Shapiro-Wilk normality test"
"1","
"
"1","
"
"1","data:  "
"1",""
"1","fore$FFMC"
"1",""
"1","
"
"1","W = 0.53137, p-value < 2.2e-16"
"1","
"
"1","
"
"0","print(""Normalidad de los promedios totales de área quemada"")"
"1","[1]"
"1"," ""Normalidad de los promedios totales de área quemada"""
"1","
"
"0","shapiro.test(fore$area)"
"1","
"
"1","	Shapiro-Wilk normality test"
"1","
"
"1","
"
"1","data:  "
"1",""
"1","fore$area"
"1",""
"1","
"
"1","W = 0.17071, p-value < 2.2e-16"
"1","
"
"1","
"
