"0","print(""Correlación Desempeño Locomotor vs SVL"")"
"1","[1]"
"1"," ""Correlación Desempeño Locomotor vs SVL"""
"1","
"
"0","cor.test(cost$velmax,cost$svl_cm,method=""pearson"")"
"1","
"
"1","	Pearson's product-moment correlation"
"1","
"
"1","
"
"1","data:  "
"1",""
"1","cost$velmax and cost$svl_cm"
"1",""
"1","
"
"1","t = 2.6638, df = 46, p-value = 0.01062"
"1","
"
"1","alternative hypothesis: "
"1","true "
"1",""
"1","correlation"
"1",""
"1"," is "
"1",""
"1","not equal to"
"1",""
"1"," "
"1",""
"1","0"
"1",""
"1","
"
"1","95"
"1",""
"1"," percent confidence interval:
"
"1",""
"1"," "
"1",""
"1","0.09087519 0.58856977"
"1",""
"1","
"
"1","sample estimates:
"
"1","      cor "
"1","
"
"1","0.3655706 "
"1","
"
"1","
"
"0","print(""Correlación Desempeño Locomotor vs Peso"")"
"1","[1]"
"1"," ""Correlación Desempeño Locomotor vs Peso"""
"1","
"
"0","cor.test(cost$velmax,cost$peso_g,method=""pearson"")"
"1","
"
"1","	Pearson's product-moment correlation"
"1","
"
"1","
"
"1","data:  "
"1",""
"1","cost$velmax and cost$peso_g"
"1",""
"1","
"
"1","t = 3.0094, df = 46, p-value = 0.004238"
"1","
"
"1","alternative hypothesis: "
"1","true "
"1",""
"1","correlation"
"1",""
"1"," is "
"1",""
"1","not equal to"
"1",""
"1"," "
"1",""
"1","0"
"1",""
"1","
"
"1","95"
"1",""
"1"," percent confidence interval:
"
"1",""
"1"," "
"1",""
"1","0.1372643 0.6184460"
"1",""
"1","
"
"1","sample estimates:
"
"1","      cor "
"1","
"
"1","0.4055807 "
"1","
"
"1","
"
"0","print(""Correlación Desempeño Locomotor vs Reservas Energéticas"")"
"1","[1]"
"1"," ""Correlación Desempeño Locomotor vs Reservas Energéticas"""
"1","
"
"0","cor.test(cost$velmax,cost$Reservas_energeticas,method=""spearman"")"
"2","Aviso: Cannot compute exact p-value with ties"
"1","
"
"1","	Spearman's rank correlation rho"
"1","
"
"1","
"
"1","data:  "
"1",""
"1","cost$velmax and cost$Reservas_energeticas"
"1",""
"1","
"
"1","S = 15365, p-value = 0.2593"
"1","
"
"1","alternative hypothesis: "
"1","true "
"1",""
"1","rho"
"1",""
"1"," is "
"1",""
"1","not equal to"
"1",""
"1"," "
"1",""
"1","0"
"1",""
"1","
"
"1","sample estimates:
"
"1","     rho "
"1","
"
"1","0.166051 "
"1","
"
"1","
"
