"0","library(infer)"
"2","Aviso: package ‘infer’ was built under R version 4.4.3"
"0","lag <- lag |> "
"0","        mutate(Survive = as.factor(Survive))"
"0","datos_obs <- lag |> "
"0","              specify(Squamosal_horn_length ~ Survive) |>"
"0","              calculate("
"0","                stat = ""diff in means"","
"0","                order = c(""0"",""1"")"
"0","              )"
"0","  "
"0","datos_obs"
"1","Response: Squamosal_horn_length (numeric)
Explanatory: Survive (factor)"
"1","
"
