"0","library(dplyr)"
"0","library(readr)"
"0",""
"0","datos <- read_table(""tortugas.txt"") "
"2","
[36m──[39m [1mColumn specification[22m [36m─────────────────────────────────────────────────────[39m
cols(
  Especie = [31mcol_character()[39m,
  Tem.prom_nidos = [32mcol_double()[39m,
  numero.hembras = [32mcol_double()[39m,
  numero.machos = [32mcol_double()[39m,
  proporcion.sexos = [32mcol_double()[39m
)
"
"0","tabla <- datos |> "
"0","  group_by(Especie) |>"
"0","  summarise(""Media"" = mean( Tem.prom_nidos,na.rm = TRUE ), ""Varianza"" = var( Tem.prom_nidos,na.rm=TRUE ), ""Rango Intercuartil""= IQR( Tem.prom_nidos,na.rm=TRUE ),""Total Nidos"" = n())"
"0",""
"0","prim <- quantile(datos$Tem.prom_nidos, probs=c(0.25), na.rm=TRUE)"
"0","ult <- quantile(datos$Tem.prom_nidos, probs=c(0.75), na.rm=TRUE)"
"0","prim"
"1","    25% "
"1","
"
"1","31.5075 "
"1","
"
"0","ult"
"1","   75% "
"1","
"
"1","34.105 "
"1","
"
"0","ult-prim"
"1","   75% "
"1","
"
"1","2.5975 "
"1","
"
"0","tabla"
