"0","library(ggplot2)"
"0","library(patchwork)"
"0",""
"0","graf_1 <- ggplot(data = cost, aes(y=svl_cm,x=velmax))+"
"0","        geom_point()+"
"0","        theme_linedraw()+"
"0","        labs(title=""Asociación con el desempeño locomotor vs SVL"", y=""SVL (cm)"", x=""Velocidad max"")+"
"0","        theme(plot.title = element_text(hjust = 0.5))"
"0","        "
"0","graf_2 <- ggplot(data = cost, aes(y=peso_g,x=velmax))+"
"0","        geom_point()+"
"0","        theme_linedraw()+"
"0","        labs(title=""Asociación con el desempeño locomotor vs Peso"", y=""Peso (g)"", x=""Velocidad max"")+"
"0","        theme(plot.title = element_text(hjust = 0.5))"
"0","        "
"0","graf_3 <- ggplot(data = cost, aes(y=Reservas_energeticas,x=velmax))+"
"0","        geom_point()+"
"0","        theme_linedraw()+"
"0","        labs( title=""Asociación con el desempeño locomotor vs Reservas energéticas"",y=""Reservas energéticas"", x=""Velocidad max"")+"
"0","        theme(plot.title = element_text(hjust = 0.5))"
"0","        "
"0",""
"0","graf_1 "
