Sep = ,
"Delimiter = ,"
AethLabs
Device ID = AE51-S6-1167
Application version = 2.2.4.0
Flow = 49 ml/min
Timebase = 10 s
Start date = 2025/10/24
Start time = 14:43:00
Original date format = yyyy/MM/dd
Original time format = hh:mm:ss
Flow units = ml/min
PCB temp units = deg C
Battery units = %
BC units = ng/m^3

Date,Time,Ref,Sen,ATN,Flow,PCB temp,Status,Battery,BC

2025/10/24,14:43:00,899667,781511,"14,080",49,28,1,0,
2025/10/24,14:43:10,899606,781434,"14,083",49,28,1,0,2137
2025/10/24,14:43:20,899484,781312,"14,085",50,28,1,0,1398
2025/10/24,14:43:30,899531,781335,"14,087",49,28,1,0,1587
2025/10/24,14:43:40,899560,781351,"14,088",49,28,1,0,818
2025/10/24,14:43:50,899543,781309,"14,092",49,28,1,0,2424
2025/10/24,14:44:00,899694,781411,"14,095",50,28,1,0,2543
2025/10/24,14:44:10,899541,781263,"14,097",49,28,1,0,1346
2025/10/24,14:44:20,899491,781205,"14,099",49,28,1,0,1298
2025/10/24,14:44:30,899533,781240,"14,099",50,28,1,0,129
2025/10/24,14:44:40,899633,781289,"14,104",49,28,1,0,3369
2025/10/24,14:44:50,899589,781239,"14,106",50,28,1,0,1028
2025/10/24,14:45:00,899490,781114,"14,111",49,28,1,0,3475
2025/10/24,14:45:10,899487,781090,"14,113",49,28,1,0,1905
2025/10/24,14:45:20,899544,781123,"14,116",49,28,1,0,1469
2025/10/24,14:45:30,899491,781041,"14,120",49,28,1,0,3204
2025/10/24,14:45:40,899512,781033,"14,123",49,28,1,0,2336
2025/10/24,14:45:50,899547,781043,"14,126",50,28,1,0,1779
2025/10/24,14:46:00,899604,781077,"14,128",50,28,1,0,1352
2025/10/24,14:46:10,899426,780890,"14,132",49,28,1,0,2890
2025/10/24,14:46:20,899362,780796,"14,137",49,28,1,0,3424
2025/10/24,14:46:30,899400,780805,"14,140",49,29,1,0,2137
2025/10/24,14:46:40,899342,780734,"14,143",50,29,1,0,1803
2025/10/24,14:46:50,899232,780619,"14,145",49,29,1,0,1738
2025/10/24,14:47:00,899254,780616,"14,148",49,29,1,0,1969
2025/10/24,14:47:10,899301,780643,"14,150",49,29,1,0,1229
2025/10/24,14:47:20,899222,780556,"14,152",49,29,1,0,1642
