Instrument Name,DustTrak II
Model Number,8530
Serial Number,8530205202
Firmware Version,3.10
Calibration Date,07/18/2024
Test Name,MANUAL_019
Test Start Time,08:37:23 AM
Test Start Date,10/24/2025
Test Length [D:H:M],0:6:57
Test Interval [M:S],0:10
Mass Average [mg/m3],0.035
Mass Minimum [mg/m3],0.010
Mass Maximum [mg/m3],0.401
Mass TWA [mg/m3],0.030
Photometric User Cal,1.00
Flow User Cal,0.00
Errors,
Number of Samples,2503

Elapsed Time [s],Mass [mg/m3],Alarms,Errors
10,0.012,,
20,0.019,,
30,0.013,,
40,0.017,,
50,0.017,,
60,0.019,,
70,0.016,,
80,0.011,,
90,0.015,,
100,0.014,,
110,0.013,,
120,0.012,,
130,0.022,,
140,0.013,,
150,0.010,,
160,0.023,,
170,0.024,,
180,0.019,,
190,0.024,,
200,0.020,,
210,0.025,,
220,0.015,,
230,0.013,,
240,0.012,,
250,0.016,,
260,0.011,,
270,0.016,,
280,0.022,,
290,0.012,,
300,0.015,,
310,0.013,,
320,0.013,,
330,0.013,,
340,0.012,,
350,0.020,,
360,0.011,,
370,0.011,,
380,0.013,,
390,0.013,,
400,0.011,,
410,0.011,,
420,0.013,,
430,0.018,,
440,0.012,,
450,0.014,,
460,0.012,,
470,0.013,,
480,0.011,,
490,0.014,,
500,0.011,,
510,0.014,,
520,0.015,,
530,0.022,,
540,0.012,,
550,0.014,,
560,0.018,,
570,0.012,,
580,0.013,,
590,0.015,,
600,0.018,,
610,0.015,,
620,0.013,,
630,0.015,,
640,0.012,,
650,0.019,,
660,0.013,,
670,0.011,,
680,0.013,,
690,0.016,,
700,0.020,,
710,0.016,,
720,0.012,,
730,0.014,,
740,0.011,,
750,0.015,,
760,0.013,,
770,0.012,,
780,0.015,,
790,0.014,,
800,0.013,,
810,0.012,,
820,0.014,,
830,0.013,,
840,0.017,,
850,0.014,,
860,0.014,,
870,0.014,,
880,0.016,,
890,0.014,,
900,0.012,,
910,0.012,,
920,0.013,,
930,0.018,,
940,0.017,,
950,0.013,,
960,0.011,,
970,0.018,,
980,0.021,,
990,0.028,,
1000,0.013,,
1010,0.030,,
1020,0.015,,
1030,0.013,,
1040,0.016,,
1050,0.015,,
1060,0.025,,
1070,0.013,,
1080,0.014,,
1090,0.014,,
1100,0.013,,
1110,0.013,,
1120,0.018,,
1130,0.011,,
1140,0.015,,
1150,0.018,,
1160,0.014,,
1170,0.015,,
1180,0.023,,
1190,0.019,,
1200,0.019,,
1210,0.052,,
1220,0.016,,
1230,0.016,,
1240,0.014,,
1250,0.014,,
1260,0.017,,
1270,0.014,,
1280,0.013,,
1290,0.015,,
1300,0.014,,
1310,0.015,,
1320,0.012,,
1330,0.017,,
1340,0.012,,
1350,0.016,,
1360,0.014,,
1370,0.012,,
1380,0.011,,
1390,0.010,,
1400,0.010,,
1410,0.014,,
1420,0.013,,
1430,0.011,,
1440,0.012,,
1450,0.011,,
1460,0.013,,
1470,0.011,,
1480,0.013,,
1490,0.013,,
1500,0.012,,
1510,0.010,,
1520,0.012,,
1530,0.013,,
1540,0.011,,
1550,0.017,,
1560,0.012,,
1570,0.012,,
1580,0.016,,
1590,0.019,,
1600,0.015,,
1610,0.017,,
1620,0.014,,
1630,0.013,,
1640,0.015,,
1650,0.014,,
1660,0.013,,
1670,0.011,,
1680,0.016,,
1690,0.017,,
1700,0.014,,
1710,0.011,,
1720,0.013,,
1730,0.017,,
1740,0.012,,
1750,0.014,,
1760,0.014,,
1770,0.017,,
1780,0.015,,
1790,0.014,,
1800,0.016,,
1810,0.022,,
1820,0.013,,
1830,0.014,,
1840,0.013,,
1850,0.014,,
1860,0.015,,
1870,0.017,,
1880,0.017,,
1890,0.013,,
1900,0.014,,
1910,0.015,,
1920,0.014,,
1930,0.017,,
1940,0.018,,
1950,0.018,,
1960,0.015,,
1970,0.016,,
1980,0.017,,
1990,0.012,,
2000,0.013,,
2010,0.017,,
2020,0.012,,
2030,0.012,,
2040,0.017,,
2050,0.013,,
2060,0.016,,
2070,0.017,,
2080,0.015,,
2090,0.012,,
2100,0.013,,
2110,0.012,,
2120,0.012,,
2130,0.013,,
2140,0.012,,
2150,0.012,,
2160,0.013,,
2170,0.016,,
2180,0.012,,
2190,0.012,,
2200,0.014,,
2210,0.016,,
2220,0.013,,
2230,0.013,,
2240,0.013,,
2250,0.011,,
2260,0.018,,
2270,0.013,,
2280,0.010,,
2290,0.010,,
2300,0.011,,
2310,0.013,,
2320,0.011,,
2330,0.012,,
2340,0.010,,
2350,0.012,,
2360,0.013,,
2370,0.013,,
2380,0.010,,
2390,0.014,,
2400,0.012,,
2410,0.012,,
2420,0.011,,
2430,0.013,,
2440,0.013,,
2450,0.014,,
2460,0.011,,
2470,0.011,,
2480,0.014,,
2490,0.018,,
2500,0.012,,
2510,0.015,,
2520,0.012,,
2530,0.012,,
2540,0.012,,
2550,0.011,,
2560,0.024,,
2570,0.013,,
2580,0.014,,
2590,0.018,,
2600,0.028,,
2610,0.018,,
2620,0.021,,
2630,0.018,,
2640,0.013,,
2650,0.012,,
2660,0.014,,
2670,0.013,,
2680,0.023,,
2690,0.012,,
2700,0.013,,
2710,0.018,,
2720,0.012,,
2730,0.012,,
2740,0.011,,
2750,0.022,,
2760,0.011,,
2770,0.011,,
2780,0.012,,
2790,0.014,,
2800,0.013,,
2810,0.011,,
2820,0.012,,
2830,0.014,,
2840,0.018,,
2850,0.020,,
2860,0.015,,
2870,0.014,,
2880,0.013,,
2890,0.014,,
2900,0.013,,
2910,0.015,,
2920,0.016,,
2930,0.012,,
2940,0.014,,
2950,0.011,,
2960,0.013,,
2970,0.012,,
2980,0.012,,
2990,0.012,,
3000,0.013,,
3010,0.013,,
3020,0.016,,
3030,0.021,,
3040,0.013,,
3050,0.012,,
3060,0.012,,
3070,0.011,,
3080,0.010,,
3090,0.010,,
3100,0.012,,
3110,0.010,,
3120,0.012,,
3130,0.012,,
3140,0.010,,
3150,0.010,,
3160,0.011,,
3170,0.011,,
3180,0.011,,
3190,0.019,,
3200,0.010,,
3210,0.012,,
3220,0.010,,
3230,0.012,,
3240,0.010,,
3250,0.012,,
3260,0.012,,
3270,0.010,,
3280,0.012,,
3290,0.012,,
3300,0.013,,
3310,0.011,,
3320,0.011,,
3330,0.013,,
3340,0.011,,
3350,0.012,,
3360,0.012,,
3370,0.014,,
3380,0.011,,
3390,0.013,,
3400,0.015,,
3410,0.017,,
3420,0.020,,
3430,0.013,,
3440,0.016,,
3450,0.011,,
3460,0.010,,
3470,0.012,,
3480,0.010,,
3490,0.010,,
3500,0.013,,
3510,0.011,,
3520,0.010,,
3530,0.014,,
3540,0.011,,
3550,0.019,,
3560,0.013,,
3570,0.011,,
3580,0.013,,
3590,0.011,,
3600,0.010,,
3610,0.010,,
3620,0.013,,
3630,0.011,,
3640,0.010,,
3650,0.010,,
3660,0.012,,
3670,0.013,,
3680,0.013,,
3690,0.011,,
3700,0.012,,
3710,0.016,,
3720,0.015,,
3730,0.013,,
3740,0.011,,
3750,0.013,,
3760,0.015,,
3770,0.013,,
3780,0.018,,
3790,0.011,,
3800,0.019,,
3810,0.011,,
3820,0.013,,
3830,0.010,,
3840,0.013,,
3850,0.014,,
3860,0.012,,
3870,0.011,,
3880,0.013,,
3890,0.013,,
3900,0.012,,
3910,0.013,,
3920,0.014,,
3930,0.012,,
3940,0.013,,
3950,0.013,,
3960,0.017,,
3970,0.012,,
3980,0.013,,
3990,0.013,,
4000,0.013,,
4010,0.015,,
4020,0.015,,
4030,0.014,,
4040,0.011,,
4050,0.013,,
4060,0.013,,
4070,0.012,,
4080,0.011,,
4090,0.012,,
4100,0.012,,
4110,0.012,,
4120,0.011,,
4130,0.014,,
4140,0.015,,
4150,0.013,,
4160,0.014,,
4170,0.013,,
4180,0.011,,
4190,0.013,,
4200,0.015,,
4210,0.014,,
4220,0.012,,
4230,0.021,,
4240,0.017,,
4250,0.014,,
4260,0.013,,
4270,0.013,,
4280,0.011,,
4290,0.012,,
4300,0.014,,
4310,0.018,,
4320,0.011,,
4330,0.013,,
4340,0.014,,
4350,0.016,,
4360,0.013,,
4370,0.013,,
4380,0.016,,
4390,0.014,,
4400,0.011,,
4410,0.014,,
4420,0.013,,
4430,0.012,,
4440,0.012,,
4450,0.014,,
4460,0.014,,
4470,0.012,,
4480,0.017,,
4490,0.013,,
4500,0.011,,
4510,0.011,,
4520,0.017,,
4530,0.024,,
4540,0.012,,
4550,0.014,,
4560,0.012,,
4570,0.012,,
4580,0.013,,
4590,0.011,,
4600,0.015,,
4610,0.010,,
4620,0.011,,
4630,0.013,,
4640,0.012,,
4650,0.018,,
4660,0.012,,
4670,0.012,,
4680,0.012,,
4690,0.012,,
4700,0.012,,
4710,0.014,,
4720,0.015,,
4730,0.011,,
4740,0.016,,
4750,0.012,,
4760,0.013,,
4770,0.013,,
4780,0.013,,
4790,0.013,,
4800,0.012,,
4810,0.012,,
4820,0.013,,
4830,0.011,,
4840,0.012,,
4850,0.011,,
4860,0.011,,
4870,0.011,,
4880,0.011,,
4890,0.011,,
4900,0.015,,
4910,0.011,,
4920,0.012,,
4930,0.013,,
4940,0.013,,
4950,0.011,,
4960,0.013,,
4970,0.012,,
4980,0.013,,
4990,0.013,,
5000,0.012,,
5010,0.011,,
5020,0.015,,
5030,0.012,,
5040,0.010,,
5050,0.012,,
5060,0.012,,
5070,0.015,,
5080,0.012,,
5090,0.012,,
5100,0.012,,
5110,0.013,,
5120,0.012,,
5130,0.011,,
5140,0.024,,
5150,0.012,,
5160,0.011,,
5170,0.012,,
5180,0.013,,
5190,0.018,,
5200,0.013,,
5210,0.012,,
5220,0.010,,
5230,0.016,,
5240,0.014,,
5250,0.021,,
5260,0.017,,
5270,0.013,,
5280,0.012,,
5290,0.014,,
5300,0.022,,
5310,0.013,,
5320,0.012,,
5330,0.011,,
5340,0.011,,
5350,0.014,,
5360,0.017,,
5370,0.012,,
5380,0.011,,
5390,0.012,,
5400,0.014,,
5410,0.011,,
5420,0.016,,
5430,0.012,,
5440,0.012,,
5450,0.012,,
5460,0.012,,
5470,0.016,,
5480,0.014,,
5490,0.012,,
5500,0.013,,
5510,0.014,,
5520,0.020,,
5530,0.014,,
5540,0.015,,
5550,0.016,,
5560,0.013,,
5570,0.014,,
5580,0.011,,
5590,0.011,,
5600,0.013,,
5610,0.013,,
5620,0.011,,
5630,0.012,,
5640,0.011,,
5650,0.012,,
5660,0.012,,
5670,0.014,,
5680,0.015,,
5690,0.011,,
5700,0.011,,
5710,0.013,,
5720,0.013,,
5730,0.012,,
5740,0.013,,
5750,0.012,,
5760,0.011,,
5770,0.011,,
5780,0.016,,
5790,0.013,,
5800,0.015,,
5810,0.013,,
5820,0.013,,
5830,0.016,,
5840,0.013,,
5850,0.014,,
5860,0.017,,
5870,0.012,,
5880,0.013,,
5890,0.014,,
5900,0.014,,
5910,0.014,,
5920,0.014,,
5930,0.013,,
5940,0.013,,
5950,0.013,,
5960,0.016,,
5970,0.014,,
5980,0.012,,
5990,0.012,,
6000,0.012,,
6010,0.013,,
6020,0.013,,
6030,0.013,,
6040,0.016,,
6050,0.015,,
6060,0.016,,
6070,0.012,,
6080,0.011,,
6090,0.012,,
6100,0.014,,
6110,0.013,,
6120,0.011,,
6130,0.015,,
6140,0.015,,
6150,0.012,,
6160,0.016,,
6170,0.014,,
6180,0.015,,
6190,0.013,,
6200,0.015,,
6210,0.012,,
6220,0.011,,
6230,0.014,,
6240,0.013,,
6250,0.021,,
6260,0.014,,
6270,0.014,,
6280,0.013,,
6290,0.013,,
6300,0.017,,
6310,0.020,,
6320,0.013,,
6330,0.011,,
6340,0.012,,
6350,0.012,,
6360,0.013,,
6370,0.012,,
6380,0.012,,
6390,0.013,,
6400,0.012,,
6410,0.023,,
6420,0.017,,
6430,0.012,,
6440,0.015,,
6450,0.010,,
6460,0.014,,
6470,0.013,,
6480,0.011,,
6490,0.016,,
6500,0.013,,
6510,0.017,,
6520,0.016,,
6530,0.013,,
6540,0.012,,
6550,0.013,,
6560,0.012,,
6570,0.012,,
6580,0.014,,
6590,0.014,,
6600,0.013,,
6610,0.015,,
6620,0.016,,
6630,0.012,,
6640,0.015,,
6650,0.013,,
6660,0.017,,
6670,0.014,,
6680,0.014,,
6690,0.013,,
6700,0.013,,
6710,0.016,,
6720,0.013,,
6730,0.013,,
6740,0.013,,
6750,0.013,,
6760,0.013,,
6770,0.016,,
6780,0.013,,
6790,0.015,,
6800,0.012,,
6810,0.016,,
6820,0.016,,
6830,0.012,,
6840,0.015,,
6850,0.018,,
6860,0.014,,
6870,0.014,,
6880,0.017,,
6890,0.018,,
6900,0.013,,
6910,0.016,,
6920,0.017,,
6930,0.019,,
6940,0.024,,
6950,0.017,,
6960,0.018,,
6970,0.026,,
6980,0.025,,
6990,0.030,,
7000,0.028,,
7010,0.018,,
7020,0.027,,
7030,0.021,,
7040,0.019,,
7050,0.024,,
7060,0.025,,
7070,0.035,,
7080,0.031,,
7090,0.031,,
7100,0.072,,
7110,0.062,,
7120,0.032,,
7130,0.018,,
7140,0.012,,
7150,0.011,,
7160,0.013,,
7170,0.013,,
7180,0.014,,
7190,0.013,,
7200,0.013,,
7210,0.013,,
7220,0.027,,
7230,0.045,,
7240,0.048,,
7250,0.052,,
7260,0.042,,
7270,0.045,,
7280,0.045,,
7290,0.051,,
7300,0.044,,
7310,0.042,,
7320,0.046,,
7330,0.039,,
7340,0.038,,
7350,0.032,,
7360,0.042,,
7370,0.036,,
7380,0.039,,
7390,0.042,,
7400,0.042,,
7410,0.042,,
7420,0.045,,
7430,0.047,,
7440,0.042,,
7450,0.040,,
7460,0.047,,
7470,0.046,,
7480,0.045,,
7490,0.041,,
7500,0.039,,
7510,0.041,,
7520,0.043,,
7530,0.040,,
7540,0.042,,
7550,0.048,,
7560,0.040,,
7570,0.046,,
7580,0.042,,
7590,0.038,,
7600,0.040,,
7610,0.041,,
7620,0.034,,
7630,0.041,,
7640,0.043,,
7650,0.044,,
7660,0.036,,
7670,0.038,,
7680,0.038,,
7690,0.040,,
7700,0.040,,
7710,0.042,,
7720,0.038,,
7730,0.038,,
7740,0.048,,
7750,0.049,,
7760,0.042,,
7770,0.042,,
7780,0.049,,
7790,0.048,,
7800,0.044,,
7810,0.088,,
7820,0.101,,
7830,0.041,,
7840,0.092,,
7850,0.103,,
7860,0.074,,
7870,0.060,,
7880,0.060,,
7890,0.080,,
7900,0.079,,
7910,0.108,,
7920,0.104,,
7930,0.087,,
7940,0.082,,
7950,0.131,,
7960,0.124,,
7970,0.099,,
7980,0.120,,
7990,0.129,,
8000,0.160,,
8010,0.114,,
8020,0.128,,
8030,0.131,,
8040,0.116,,
8050,0.104,,
8060,0.094,,
8070,0.093,,
8080,0.100,,
8090,0.088,,
8100,0.082,,
8110,0.091,,
8120,0.082,,
8130,0.078,,
8140,0.105,,
8150,0.096,,
8160,0.076,,
8170,0.086,,
8180,0.096,,
8190,0.092,,
8200,0.097,,
8210,0.104,,
8220,0.089,,
8230,0.095,,
8240,0.088,,
8250,0.095,,
8260,0.092,,
8270,0.119,,
8280,0.089,,
8290,0.090,,
8300,0.079,,
8310,0.093,,
8320,0.087,,
8330,0.083,,
8340,0.095,,
8350,0.078,,
8360,0.088,,
8370,0.090,,
8380,0.077,,
8390,0.078,,
8400,0.088,,
8410,0.082,,
8420,0.084,,
8430,0.077,,
8440,0.087,,
8450,0.082,,
8460,0.084,,
8470,0.085,,
8480,0.085,,
8490,0.077,,
8500,0.087,,
8510,0.074,,
8520,0.078,,
8530,0.089,,
8540,0.100,,
8550,0.095,,
8560,0.088,,
8570,0.080,,
8580,0.085,,
8590,0.087,,
8600,0.084,,
8610,0.079,,
8620,0.086,,
8630,0.088,,
8640,0.083,,
8650,0.079,,
8660,0.081,,
8670,0.093,,
8680,0.085,,
8690,0.090,,
8700,0.074,,
8710,0.087,,
8720,0.085,,
8730,0.085,,
8740,0.083,,
8750,0.081,,
8760,0.081,,
8770,0.078,,
8780,0.075,,
8790,0.080,,
8800,0.075,,
8810,0.082,,
8820,0.083,,
8830,0.100,,
8840,0.097,,
8850,0.087,,
8860,0.073,,
8870,0.076,,
8880,0.084,,
8890,0.084,,
8900,0.081,,
8910,0.081,,
8920,0.080,,
8930,0.080,,
8940,0.076,,
8950,0.083,,
8960,0.085,,
8970,0.078,,
8980,0.068,,
8990,0.064,,
9000,0.056,,
9010,0.046,,
9020,0.048,,
9030,0.034,,
9040,0.033,,
9050,0.032,,
9060,0.034,,
9070,0.029,,
9080,0.034,,
9090,0.029,,
9100,0.029,,
9110,0.029,,
9120,0.034,,
9130,0.033,,
9140,0.035,,
9150,0.034,,
9160,0.031,,
9170,0.035,,
9180,0.037,,
9190,0.035,,
9200,0.038,,
9210,0.040,,
9220,0.044,,
9230,0.052,,
9240,0.060,,
9250,0.048,,
9260,0.051,,
9270,0.047,,
9280,0.043,,
9290,0.042,,
9300,0.057,,
9310,0.040,,
9320,0.044,,
9330,0.048,,
9340,0.038,,
9350,0.037,,
9360,0.038,,
9370,0.034,,
9380,0.042,,
9390,0.044,,
9400,0.074,,
9410,0.082,,
9420,0.072,,
9430,0.072,,
9440,0.059,,
9450,0.062,,
9460,0.061,,
9470,0.058,,
9480,0.062,,
9490,0.061,,
9500,0.066,,
9510,0.057,,
9520,0.044,,
9530,0.048,,
9540,0.048,,
9550,0.053,,
9560,0.055,,
9570,0.059,,
9580,0.052,,
9590,0.054,,
9600,0.055,,
9610,0.056,,
9620,0.068,,
9630,0.063,,
9640,0.065,,
9650,0.068,,
9660,0.066,,
9670,0.064,,
9680,0.067,,
9690,0.074,,
9700,0.072,,
9710,0.063,,
9720,0.068,,
9730,0.063,,
9740,0.062,,
9750,0.069,,
9760,0.083,,
9770,0.069,,
9780,0.068,,
9790,0.067,,
9800,0.058,,
9810,0.060,,
9820,0.061,,
9830,0.064,,
9840,0.074,,
9850,0.076,,
9860,0.081,,
9870,0.069,,
9880,0.073,,
9890,0.079,,
9900,0.069,,
9910,0.069,,
9920,0.068,,
9930,0.064,,
9940,0.052,,
9950,0.059,,
9960,0.067,,
9970,0.060,,
9980,0.055,,
9990,0.053,,
10000,0.056,,
10010,0.040,,
10020,0.045,,
10030,0.045,,
10040,0.020,,
10050,0.017,,
10060,0.018,,
10070,0.023,,
10080,0.025,,
10090,0.021,,
10100,0.022,,
10110,0.026,,
10120,0.022,,
10130,0.017,,
10140,0.018,,
10150,0.017,,
10160,0.016,,
10170,0.016,,
10180,0.022,,
10190,0.022,,
10200,0.020,,
10210,0.017,,
10220,0.024,,
10230,0.038,,
10240,0.035,,
10250,0.027,,
10260,0.035,,
10270,0.032,,
10280,0.087,,
10290,0.021,,
10300,0.013,,
10310,0.013,,
10320,0.016,,
10330,0.017,,
10340,0.015,,
10350,0.017,,
10360,0.017,,
10370,0.019,,
10380,0.039,,
10390,0.029,,
10400,0.034,,
10410,0.025,,
10420,0.017,,
10430,0.036,,
10440,0.030,,
10450,0.027,,
10460,0.020,,
10470,0.020,,
10480,0.034,,
10490,0.028,,
10500,0.027,,
10510,0.019,,
10520,0.019,,
10530,0.038,,
10540,0.022,,
10550,0.022,,
10560,0.017,,
10570,0.018,,
10580,0.021,,
10590,0.029,,
10600,0.022,,
10610,0.017,,
10620,0.017,,
10630,0.021,,
10640,0.029,,
10650,0.018,,
10660,0.035,,
10670,0.015,,
10680,0.028,,
10690,0.023,,
10700,0.015,,
10710,0.014,,
10720,0.020,,
10730,0.019,,
10740,0.027,,
10750,0.024,,
10760,0.030,,
10770,0.023,,
10780,0.028,,
10790,0.031,,
10800,0.022,,
10810,0.031,,
10820,0.019,,
10830,0.024,,
10840,0.021,,
10850,0.016,,
10860,0.024,,
10870,0.027,,
10880,0.027,,
10890,0.021,,
10900,0.017,,
10910,0.017,,
10920,0.016,,
10930,0.022,,
10940,0.019,,
10950,0.018,,
10960,0.020,,
10970,0.025,,
10980,0.018,,
10990,0.017,,
11000,0.025,,
11010,0.021,,
11020,0.018,,
11030,0.017,,
11040,0.024,,
11050,0.017,,
11060,0.019,,
11070,0.019,,
11080,0.014,,
11090,0.016,,
11100,0.014,,
11110,0.022,,
11120,0.017,,
11130,0.020,,
11140,0.020,,
11150,0.023,,
11160,0.024,,
11170,0.019,,
11180,0.021,,
11190,0.021,,
11200,0.019,,
11210,0.018,,
11220,0.019,,
11230,0.024,,
11240,0.027,,
11250,0.026,,
11260,0.018,,
11270,0.021,,
11280,0.020,,
11290,0.019,,
11300,0.022,,
11310,0.017,,
11320,0.014,,
11330,0.015,,
11340,0.015,,
11350,0.017,,
11360,0.015,,
11370,0.016,,
11380,0.016,,
11390,0.015,,
11400,0.016,,
11410,0.016,,
11420,0.016,,
11430,0.023,,
11440,0.017,,
11450,0.021,,
11460,0.036,,
11470,0.020,,
11480,0.022,,
11490,0.020,,
11500,0.023,,
11510,0.016,,
11520,0.019,,
11530,0.022,,
11540,0.027,,
11550,0.026,,
11560,0.027,,
11570,0.020,,
11580,0.026,,
11590,0.023,,
11600,0.025,,
11610,0.042,,
11620,0.022,,
11630,0.018,,
11640,0.020,,
11650,0.020,,
11660,0.021,,
11670,0.022,,
11680,0.019,,
11690,0.030,,
11700,0.019,,
11710,0.017,,
11720,0.020,,
11730,0.021,,
11740,0.018,,
11750,0.022,,
11760,0.019,,
11770,0.036,,
11780,0.026,,
11790,0.028,,
11800,0.024,,
11810,0.024,,
11820,0.021,,
11830,0.020,,
11840,0.018,,
11850,0.018,,
11860,0.017,,
11870,0.019,,
11880,0.040,,
11890,0.026,,
11900,0.030,,
11910,0.017,,
11920,0.017,,
11930,0.023,,
11940,0.020,,
11950,0.024,,
11960,0.022,,
11970,0.018,,
11980,0.021,,
11990,0.025,,
12000,0.024,,
12010,0.018,,
12020,0.023,,
12030,0.020,,
12040,0.019,,
12050,0.015,,
12060,0.033,,
12070,0.025,,
12080,0.017,,
12090,0.021,,
12100,0.019,,
12110,0.019,,
12120,0.028,,
12130,0.020,,
12140,0.014,,
12150,0.018,,
12160,0.029,,
12170,0.028,,
12180,0.021,,
12190,0.023,,
12200,0.023,,
12210,0.028,,
12220,0.028,,
12230,0.020,,
12240,0.017,,
12250,0.020,,
12260,0.018,,
12270,0.021,,
12280,0.014,,
12290,0.044,,
12300,0.023,,
12310,0.035,,
12320,0.020,,
12330,0.029,,
12340,0.022,,
12350,0.027,,
12360,0.018,,
12370,0.023,,
12380,0.020,,
12390,0.023,,
12400,0.025,,
12410,0.028,,
12420,0.031,,
12430,0.032,,
12440,0.028,,
12450,0.034,,
12460,0.029,,
12470,0.029,,
12480,0.025,,
12490,0.022,,
12500,0.021,,
12510,0.030,,
12520,0.031,,
12530,0.026,,
12540,0.044,,
12550,0.134,,
12560,0.135,,
12570,0.043,,
12580,0.047,,
12590,0.054,,
12600,0.049,,
12610,0.029,,
12620,0.078,,
12630,0.164,,
12640,0.085,,
12650,0.024,,
12660,0.018,,
12670,0.022,,
12680,0.020,,
12690,0.027,,
12700,0.026,,
12710,0.021,,
12720,0.018,,
12730,0.019,,
12740,0.019,,
12750,0.021,,
12760,0.038,,
12770,0.051,,
12780,0.042,,
12790,0.032,,
12800,0.042,,
12810,0.053,,
12820,0.042,,
12830,0.022,,
12840,0.020,,
12850,0.019,,
12860,0.020,,
12870,0.019,,
12880,0.021,,
12890,0.024,,
12900,0.018,,
12910,0.031,,
12920,0.017,,
12930,0.022,,
12940,0.025,,
12950,0.018,,
12960,0.020,,
12970,0.024,,
12980,0.025,,
12990,0.019,,
13000,0.022,,
13010,0.023,,
13020,0.021,,
13030,0.023,,
13040,0.023,,
13050,0.019,,
13060,0.019,,
13070,0.017,,
13080,0.020,,
13090,0.019,,
13100,0.018,,
13110,0.026,,
13120,0.030,,
13130,0.053,,
13140,0.058,,
13150,0.046,,
13160,0.043,,
13170,0.042,,
13180,0.049,,
13190,0.046,,
13200,0.046,,
13210,0.040,,
13220,0.046,,
13230,0.045,,
13240,0.044,,
13250,0.042,,
13260,0.037,,
13270,0.033,,
13280,0.035,,
13290,0.039,,
13300,0.030,,
13310,0.037,,
13320,0.027,,
13330,0.031,,
13340,0.036,,
13350,0.041,,
13360,0.046,,
13370,0.042,,
13380,0.048,,
13390,0.040,,
13400,0.038,,
13410,0.040,,
13420,0.038,,
13430,0.040,,
13440,0.038,,
13450,0.037,,
13460,0.040,,
13470,0.038,,
13480,0.036,,
13490,0.044,,
13500,0.036,,
13510,0.031,,
13520,0.038,,
13530,0.036,,
13540,0.033,,
13550,0.037,,
13560,0.040,,
13570,0.041,,
13580,0.036,,
13590,0.038,,
13600,0.034,,
13610,0.039,,
13620,0.037,,
13630,0.037,,
13640,0.035,,
13650,0.038,,
13660,0.036,,
13670,0.037,,
13680,0.038,,
13690,0.035,,
13700,0.038,,
13710,0.036,,
13720,0.035,,
13730,0.035,,
13740,0.038,,
13750,0.036,,
13760,0.039,,
13770,0.037,,
13780,0.046,,
13790,0.038,,
13800,0.038,,
13810,0.032,,
13820,0.047,,
13830,0.037,,
13840,0.038,,
13850,0.040,,
13860,0.048,,
13870,0.045,,
13880,0.039,,
13890,0.043,,
13900,0.035,,
13910,0.034,,
13920,0.033,,
13930,0.037,,
13940,0.040,,
13950,0.039,,
13960,0.035,,
13970,0.033,,
13980,0.033,,
13990,0.037,,
14000,0.037,,
14010,0.035,,
14020,0.035,,
14030,0.033,,
14040,0.030,,
14050,0.031,,
14060,0.032,,
14070,0.039,,
14080,0.038,,
14090,0.040,,
14100,0.036,,
14110,0.037,,
14120,0.050,,
14130,0.035,,
14140,0.038,,
14150,0.035,,
14160,0.056,,
14170,0.036,,
14180,0.040,,
14190,0.038,,
14200,0.034,,
14210,0.039,,
14220,0.039,,
14230,0.038,,
14240,0.034,,
14250,0.037,,
14260,0.036,,
14270,0.038,,
14280,0.033,,
14290,0.032,,
14300,0.038,,
14310,0.034,,
14320,0.031,,
14330,0.048,,
14340,0.038,,
14350,0.035,,
14360,0.035,,
14370,0.034,,
14380,0.030,,
14390,0.031,,
14400,0.029,,
14410,0.035,,
14420,0.039,,
14430,0.031,,
14440,0.030,,
14450,0.030,,
14460,0.032,,
14470,0.035,,
14480,0.030,,
14490,0.031,,
14500,0.032,,
14510,0.034,,
14520,0.039,,
14530,0.029,,
14540,0.034,,
14550,0.034,,
14560,0.030,,
14570,0.040,,
14580,0.028,,
14590,0.031,,
14600,0.030,,
14610,0.032,,
14620,0.032,,
14630,0.031,,
14640,0.028,,
14650,0.035,,
14660,0.030,,
14670,0.027,,
14680,0.028,,
14690,0.026,,
14700,0.026,,
14710,0.032,,
14720,0.023,,
14730,0.027,,
14740,0.029,,
14750,0.028,,
14760,0.027,,
14770,0.023,,
14780,0.027,,
14790,0.029,,
14800,0.029,,
14810,0.029,,
14820,0.028,,
14830,0.027,,
14840,0.025,,
14850,0.023,,
14860,0.025,,
14870,0.025,,
14880,0.032,,
14890,0.031,,
14900,0.026,,
14910,0.031,,
14920,0.028,,
14930,0.028,,
14940,0.024,,
14950,0.023,,
14960,0.023,,
14970,0.026,,
14980,0.024,,
14990,0.027,,
15000,0.028,,
15010,0.025,,
15020,0.027,,
15030,0.030,,
15040,0.025,,
15050,0.027,,
15060,0.032,,
15070,0.028,,
15080,0.026,,
15090,0.033,,
15100,0.026,,
15110,0.026,,
15120,0.027,,
15130,0.023,,
15140,0.026,,
15150,0.024,,
15160,0.030,,
15170,0.027,,
15180,0.025,,
15190,0.027,,
15200,0.025,,
15210,0.030,,
15220,0.032,,
15230,0.022,,
15240,0.027,,
15250,0.024,,
15260,0.026,,
15270,0.022,,
15280,0.027,,
15290,0.023,,
15300,0.027,,
15310,0.026,,
15320,0.023,,
15330,0.022,,
15340,0.020,,
15350,0.024,,
15360,0.027,,
15370,0.026,,
15380,0.027,,
15390,0.024,,
15400,0.025,,
15410,0.028,,
15420,0.025,,
15430,0.023,,
15440,0.025,,
15450,0.031,,
15460,0.023,,
15470,0.024,,
15480,0.023,,
15490,0.022,,
15500,0.027,,
15510,0.037,,
15520,0.022,,
15530,0.021,,
15540,0.026,,
15550,0.028,,
15560,0.023,,
15570,0.022,,
15580,0.024,,
15590,0.025,,
15600,0.023,,
15610,0.025,,
15620,0.020,,
15630,0.024,,
15640,0.024,,
15650,0.021,,
15660,0.022,,
15670,0.025,,
15680,0.019,,
15690,0.022,,
15700,0.038,,
15710,0.023,,
15720,0.021,,
15730,0.025,,
15740,0.036,,
15750,0.034,,
15760,0.043,,
15770,0.043,,
15780,0.021,,
15790,0.022,,
15800,0.021,,
15810,0.022,,
15820,0.029,,
15830,0.025,,
15840,0.019,,
15850,0.027,,
15860,0.024,,
15870,0.024,,
15880,0.022,,
15890,0.021,,
15900,0.023,,
15910,0.022,,
15920,0.021,,
15930,0.023,,
15940,0.021,,
15950,0.022,,
15960,0.024,,
15970,0.024,,
15980,0.021,,
15990,0.019,,
16000,0.020,,
16010,0.020,,
16020,0.020,,
16030,0.022,,
16040,0.023,,
16050,0.023,,
16060,0.021,,
16070,0.020,,
16080,0.020,,
16090,0.023,,
16100,0.022,,
16110,0.021,,
16120,0.021,,
16130,0.021,,
16140,0.021,,
16150,0.021,,
16160,0.019,,
16170,0.020,,
16180,0.020,,
16190,0.024,,
16200,0.022,,
16210,0.019,,
16220,0.022,,
16230,0.023,,
16240,0.025,,
16250,0.022,,
16260,0.022,,
16270,0.022,,
16280,0.019,,
16290,0.024,,
16300,0.020,,
16310,0.021,,
16320,0.024,,
16330,0.026,,
16340,0.020,,
16350,0.021,,
16360,0.020,,
16370,0.022,,
16380,0.022,,
16390,0.019,,
16400,0.021,,
16410,0.019,,
16420,0.020,,
16430,0.023,,
16440,0.020,,
16450,0.021,,
16460,0.017,,
16470,0.019,,
16480,0.019,,
16490,0.018,,
16500,0.021,,
16510,0.020,,
16520,0.022,,
16530,0.021,,
16540,0.026,,
16550,0.026,,
16560,0.026,,
16570,0.021,,
16580,0.022,,
16590,0.023,,
16600,0.019,,
16610,0.025,,
16620,0.023,,
16630,0.022,,
16640,0.021,,
16650,0.021,,
16660,0.027,,
16670,0.021,,
16680,0.022,,
16690,0.020,,
16700,0.020,,
16710,0.024,,
16720,0.021,,
16730,0.019,,
16740,0.020,,
16750,0.021,,
16760,0.019,,
16770,0.021,,
16780,0.020,,
16790,0.021,,
16800,0.023,,
16810,0.021,,
16820,0.022,,
16830,0.022,,
16840,0.023,,
16850,0.034,,
16860,0.020,,
16870,0.024,,
16880,0.022,,
16890,0.022,,
16900,0.020,,
16910,0.021,,
16920,0.023,,
16930,0.025,,
16940,0.022,,
16950,0.024,,
16960,0.022,,
16970,0.018,,
16980,0.025,,
16990,0.023,,
17000,0.023,,
17010,0.019,,
17020,0.018,,
17030,0.036,,
17040,0.024,,
17050,0.021,,
17060,0.026,,
17070,0.030,,
17080,0.025,,
17090,0.034,,
17100,0.139,,
17110,0.083,,
17120,0.088,,
17130,0.057,,
17140,0.070,,
17150,0.074,,
17160,0.080,,
17170,0.066,,
17180,0.132,,
17190,0.109,,
17200,0.060,,
17210,0.042,,
17220,0.030,,
17230,0.028,,
17240,0.025,,
17250,0.032,,
17260,0.031,,
17270,0.034,,
17280,0.034,,
17290,0.056,,
17300,0.034,,
17310,0.028,,
17320,0.033,,
17330,0.049,,
17340,0.034,,
17350,0.025,,
17360,0.026,,
17370,0.024,,
17380,0.023,,
17390,0.029,,
17400,0.026,,
17410,0.028,,
17420,0.029,,
17430,0.034,,
17440,0.086,,
17450,0.074,,
17460,0.061,,
17470,0.045,,
17480,0.023,,
17490,0.028,,
17500,0.030,,
17510,0.024,,
17520,0.026,,
17530,0.025,,
17540,0.024,,
17550,0.026,,
17560,0.027,,
17570,0.026,,
17580,0.026,,
17590,0.028,,
17600,0.028,,
17610,0.028,,
17620,0.028,,
17630,0.027,,
17640,0.030,,
17650,0.033,,
17660,0.024,,
17670,0.022,,
17680,0.026,,
17690,0.028,,
17700,0.030,,
17710,0.027,,
17720,0.050,,
17730,0.035,,
17740,0.029,,
17750,0.024,,
17760,0.025,,
17770,0.024,,
17780,0.023,,
17790,0.023,,
17800,0.037,,
17810,0.041,,
17820,0.033,,
17830,0.027,,
17840,0.047,,
17850,0.025,,
17860,0.023,,
17870,0.027,,
17880,0.026,,
17890,0.026,,
17900,0.030,,
17910,0.037,,
17920,0.043,,
17930,0.071,,
17940,0.047,,
17950,0.050,,
17960,0.051,,
17970,0.030,,
17980,0.032,,
17990,0.032,,
18000,0.054,,
18010,0.040,,
18020,0.067,,
18030,0.059,,
18040,0.053,,
18050,0.058,,
18060,0.054,,
18070,0.050,,
18080,0.050,,
18090,0.041,,
18100,0.037,,
18110,0.034,,
18120,0.043,,
18130,0.046,,
18140,0.043,,
18150,0.061,,
18160,0.045,,
18170,0.046,,
18180,0.055,,
18190,0.048,,
18200,0.061,,
18210,0.065,,
18220,0.047,,
18230,0.044,,
18240,0.042,,
18250,0.034,,
18260,0.027,,
18270,0.026,,
18280,0.029,,
18290,0.027,,
18300,0.030,,
18310,0.063,,
18320,0.036,,
18330,0.031,,
18340,0.034,,
18350,0.037,,
18360,0.036,,
18370,0.036,,
18380,0.040,,
18390,0.039,,
18400,0.031,,
18410,0.034,,
18420,0.039,,
18430,0.025,,
18440,0.036,,
18450,0.031,,
18460,0.034,,
18470,0.037,,
18480,0.041,,
18490,0.043,,
18500,0.037,,
18510,0.036,,
18520,0.033,,
18530,0.034,,
18540,0.032,,
18550,0.038,,
18560,0.048,,
18570,0.107,,
18580,0.132,,
18590,0.119,,
18600,0.103,,
18610,0.080,,
18620,0.060,,
18630,0.063,,
18640,0.059,,
18650,0.053,,
18660,0.044,,
18670,0.045,,
18680,0.054,,
18690,0.038,,
18700,0.041,,
18710,0.039,,
18720,0.033,,
18730,0.037,,
18740,0.036,,
18750,0.034,,
18760,0.040,,
18770,0.031,,
18780,0.031,,
18790,0.032,,
18800,0.087,,
18810,0.158,,
18820,0.117,,
18830,0.115,,
18840,0.109,,
18850,0.110,,
18860,0.118,,
18870,0.120,,
18880,0.111,,
18890,0.086,,
18900,0.078,,
18910,0.097,,
18920,0.089,,
18930,0.088,,
18940,0.104,,
18950,0.086,,
18960,0.108,,
18970,0.084,,
18980,0.108,,
18990,0.090,,
19000,0.067,,
19010,0.066,,
19020,0.059,,
19030,0.067,,
19040,0.073,,
19050,0.077,,
19060,0.070,,
19070,0.090,,
19080,0.103,,
19090,0.069,,
19100,0.063,,
19110,0.079,,
19120,0.066,,
19130,0.058,,
19140,0.046,,
19150,0.054,,
19160,0.054,,
19170,0.048,,
19180,0.050,,
19190,0.052,,
19200,0.056,,
19210,0.058,,
19220,0.047,,
19230,0.051,,
19240,0.054,,
19250,0.057,,
19260,0.034,,
19270,0.034,,
19280,0.037,,
19290,0.080,,
19300,0.040,,
19310,0.042,,
19320,0.038,,
19330,0.065,,
19340,0.331,,
19350,0.276,,
19360,0.092,,
19370,0.065,,
19380,0.048,,
19390,0.034,,
19400,0.033,,
19410,0.038,,
19420,0.047,,
19430,0.057,,
19440,0.087,,
19450,0.067,,
19460,0.056,,
19470,0.052,,
19480,0.060,,
19490,0.051,,
19500,0.049,,
19510,0.071,,
19520,0.043,,
19530,0.036,,
19540,0.042,,
19550,0.051,,
19560,0.032,,
19570,0.037,,
19580,0.052,,
19590,0.051,,
19600,0.064,,
19610,0.055,,
19620,0.048,,
19630,0.050,,
19640,0.055,,
19650,0.054,,
19660,0.047,,
19670,0.039,,
19680,0.033,,
19690,0.037,,
19700,0.044,,
19710,0.036,,
19720,0.032,,
19730,0.025,,
19740,0.037,,
19750,0.028,,
19760,0.027,,
19770,0.029,,
19780,0.028,,
19790,0.030,,
19800,0.024,,
19810,0.025,,
19820,0.028,,
19830,0.030,,
19840,0.027,,
19850,0.036,,
19860,0.033,,
19870,0.038,,
19880,0.043,,
19890,0.042,,
19900,0.041,,
19910,0.045,,
19920,0.027,,
19930,0.046,,
19940,0.052,,
19950,0.057,,
19960,0.061,,
19970,0.057,,
19980,0.069,,
19990,0.064,,
20000,0.042,,
20010,0.063,,
20020,0.401,,
20030,0.048,,
20040,0.049,,
20050,0.062,,
20060,0.048,,
20070,0.039,,
20080,0.032,,
20090,0.036,,
20100,0.034,,
20110,0.034,,
20120,0.039,,
20130,0.041,,
20140,0.031,,
20150,0.032,,
20160,0.033,,
20170,0.049,,
20180,0.037,,
20190,0.029,,
20200,0.029,,
20210,0.030,,
20220,0.029,,
20230,0.031,,
20240,0.042,,
20250,0.029,,
20260,0.031,,
20270,0.033,,
20280,0.030,,
20290,0.032,,
20300,0.034,,
20310,0.032,,
20320,0.034,,
20330,0.031,,
20340,0.033,,
20350,0.033,,
20360,0.032,,
20370,0.032,,
20380,0.032,,
20390,0.031,,
20400,0.038,,
20410,0.033,,
20420,0.031,,
20430,0.031,,
20440,0.034,,
20450,0.035,,
20460,0.032,,
20470,0.030,,
20480,0.033,,
20490,0.035,,
20500,0.031,,
20510,0.033,,
20520,0.037,,
20530,0.033,,
20540,0.033,,
20550,0.039,,
20560,0.033,,
20570,0.031,,
20580,0.034,,
20590,0.032,,
20600,0.033,,
20610,0.036,,
20620,0.034,,
20630,0.038,,
20640,0.033,,
20650,0.033,,
20660,0.032,,
20670,0.032,,
20680,0.036,,
20690,0.031,,
20700,0.036,,
20710,0.031,,
20720,0.034,,
20730,0.032,,
20740,0.033,,
20750,0.034,,
20760,0.031,,
20770,0.031,,
20780,0.030,,
20790,0.033,,
20800,0.032,,
20810,0.043,,
20820,0.033,,
20830,0.030,,
20840,0.039,,
20850,0.030,,
20860,0.030,,
20870,0.032,,
20880,0.037,,
20890,0.032,,
20900,0.034,,
20910,0.036,,
20920,0.036,,
20930,0.033,,
20940,0.034,,
20950,0.033,,
20960,0.034,,
20970,0.032,,
20980,0.035,,
20990,0.034,,
21000,0.034,,
21010,0.033,,
21020,0.036,,
21030,0.035,,
21040,0.033,,
21050,0.034,,
21060,0.038,,
21070,0.035,,
21080,0.039,,
21090,0.035,,
21100,0.033,,
21110,0.034,,
21120,0.033,,
21130,0.031,,
21140,0.032,,
21150,0.031,,
21160,0.030,,
21170,0.034,,
21180,0.033,,
21190,0.033,,
21200,0.034,,
21210,0.030,,
21220,0.031,,
21230,0.032,,
21240,0.031,,
21250,0.030,,
21260,0.030,,
21270,0.029,,
21280,0.029,,
21290,0.030,,
21300,0.031,,
21310,0.034,,
21320,0.029,,
21330,0.028,,
21340,0.031,,
21350,0.035,,
21360,0.037,,
21370,0.036,,
21380,0.036,,
21390,0.031,,
21400,0.033,,
21410,0.031,,
21420,0.031,,
21430,0.035,,
21440,0.038,,
21450,0.031,,
21460,0.031,,
21470,0.032,,
21480,0.034,,
21490,0.031,,
21500,0.034,,
21510,0.032,,
21520,0.033,,
21530,0.033,,
21540,0.032,,
21550,0.033,,
21560,0.036,,
21570,0.041,,
21580,0.045,,
21590,0.031,,
21600,0.033,,
21610,0.032,,
21620,0.031,,
21630,0.036,,
21640,0.033,,
21650,0.032,,
21660,0.034,,
21670,0.029,,
21680,0.030,,
21690,0.032,,
21700,0.039,,
21710,0.042,,
21720,0.033,,
21730,0.040,,
21740,0.034,,
21750,0.035,,
21760,0.034,,
21770,0.032,,
21780,0.034,,
21790,0.033,,
21800,0.036,,
21810,0.034,,
21820,0.037,,
21830,0.031,,
21840,0.031,,
21850,0.034,,
21860,0.031,,
21870,0.033,,
21880,0.031,,
21890,0.042,,
21900,0.038,,
21910,0.031,,
21920,0.034,,
21930,0.034,,
21940,0.032,,
21950,0.034,,
21960,0.035,,
21970,0.032,,
21980,0.038,,
21990,0.033,,
22000,0.031,,
22010,0.035,,
22020,0.036,,
22030,0.036,,
22040,0.033,,
22050,0.035,,
22060,0.032,,
22070,0.038,,
22080,0.037,,
22090,0.032,,
22100,0.034,,
22110,0.035,,
22120,0.032,,
22130,0.033,,
22140,0.037,,
22150,0.035,,
22160,0.031,,
22170,0.032,,
22180,0.032,,
22190,0.033,,
22200,0.031,,
22210,0.038,,
22220,0.040,,
22230,0.030,,
22240,0.031,,
22250,0.032,,
22260,0.032,,
22270,0.039,,
22280,0.030,,
22290,0.031,,
22300,0.031,,
22310,0.032,,
22320,0.032,,
22330,0.031,,
22340,0.030,,
22350,0.035,,
22360,0.032,,
22370,0.031,,
22380,0.033,,
22390,0.030,,
22400,0.031,,
22410,0.032,,
22420,0.035,,
22430,0.038,,
22440,0.031,,
22450,0.035,,
22460,0.031,,
22470,0.032,,
22480,0.032,,
22490,0.033,,
22500,0.039,,
22510,0.034,,
22520,0.031,,
22530,0.035,,
22540,0.032,,
22550,0.033,,
22560,0.030,,
22570,0.033,,
22580,0.033,,
22590,0.034,,
22600,0.032,,
22610,0.031,,
22620,0.031,,
22630,0.032,,
22640,0.030,,
22650,0.029,,
22660,0.036,,
22670,0.038,,
22680,0.042,,
22690,0.031,,
22700,0.033,,
22710,0.030,,
22720,0.032,,
22730,0.031,,
22740,0.030,,
22750,0.033,,
22760,0.032,,
22770,0.034,,
22780,0.031,,
22790,0.031,,
22800,0.029,,
22810,0.031,,
22820,0.033,,
22830,0.030,,
22840,0.031,,
22850,0.030,,
22860,0.029,,
22870,0.031,,
22880,0.030,,
22890,0.033,,
22900,0.035,,
22910,0.031,,
22920,0.029,,
22930,0.030,,
22940,0.029,,
22950,0.031,,
22960,0.035,,
22970,0.034,,
22980,0.032,,
22990,0.033,,
23000,0.030,,
23010,0.032,,
23020,0.031,,
23030,0.029,,
23040,0.037,,
23050,0.031,,
23060,0.032,,
23070,0.037,,
23080,0.032,,
23090,0.031,,
23100,0.030,,
23110,0.031,,
23120,0.035,,
23130,0.031,,
23140,0.033,,
23150,0.033,,
23160,0.030,,
23170,0.032,,
23180,0.031,,
23190,0.033,,
23200,0.030,,
23210,0.039,,
23220,0.032,,
23230,0.032,,
23240,0.042,,
23250,0.037,,
23260,0.032,,
23270,0.034,,
23280,0.032,,
23290,0.034,,
23300,0.035,,
23310,0.035,,
23320,0.033,,
23330,0.034,,
23340,0.037,,
23350,0.035,,
23360,0.039,,
23370,0.037,,
23380,0.037,,
23390,0.047,,
23400,0.036,,
23410,0.047,,
23420,0.045,,
23430,0.064,,
23440,0.108,,
23450,0.081,,
23460,0.057,,
23470,0.050,,
23480,0.057,,
23490,0.059,,
23500,0.051,,
23510,0.051,,
23520,0.053,,
23530,0.046,,
23540,0.047,,
23550,0.048,,
23560,0.044,,
23570,0.043,,
23580,0.044,,
23590,0.045,,
23600,0.049,,
23610,0.064,,
23620,0.067,,
23630,0.076,,
23640,0.109,,
23650,0.089,,
23660,0.056,,
23670,0.054,,
23680,0.061,,
23690,0.057,,
23700,0.047,,
23710,0.059,,
23720,0.060,,
23730,0.052,,
23740,0.051,,
23750,0.070,,
23760,0.064,,
23770,0.063,,
23780,0.054,,
23790,0.060,,
23800,0.040,,
23810,0.054,,
23820,0.060,,
23830,0.042,,
23840,0.032,,
23850,0.035,,
23860,0.034,,
23870,0.033,,
23880,0.034,,
23890,0.042,,
23900,0.228,,
23910,0.157,,
23920,0.177,,
23930,0.174,,
23940,0.166,,
23950,0.178,,
23960,0.135,,
23970,0.078,,
23980,0.124,,
23990,0.091,,
24000,0.109,,
24010,0.099,,
24020,0.077,,
24030,0.076,,
24040,0.070,,
24050,0.111,,
24060,0.076,,
24070,0.065,,
24080,0.047,,
24090,0.080,,
24100,0.038,,
24110,0.051,,
24120,0.061,,
24130,0.069,,
24140,0.055,,
24150,0.056,,
24160,0.040,,
24170,0.025,,
24180,0.316,,
24190,0.025,,
24200,0.047,,
24210,0.027,,
24220,0.057,,
24230,0.061,,
24240,0.086,,
24250,0.030,,
24260,0.036,,
24270,0.214,,
24280,0.049,,
24290,0.212,,
24300,0.024,,
24310,0.050,,
24320,0.029,,
24330,0.028,,
24340,0.161,,
24350,0.030,,
24360,0.028,,
24370,0.048,,
24380,0.031,,
24390,0.033,,
24400,0.037,,
24410,0.040,,
24420,0.042,,
24430,0.027,,
24440,0.027,,
24450,0.029,,
24460,0.024,,
24470,0.026,,
24480,0.020,,
24490,0.021,,
24500,0.040,,
24510,0.026,,
24520,0.023,,
24530,0.022,,
24540,0.025,,
24550,0.027,,
24560,0.025,,
24570,0.044,,
24580,0.024,,
24590,0.022,,
24600,0.023,,
24610,0.040,,
24620,0.068,,
24630,0.100,,
24640,0.105,,
24650,0.070,,
24660,0.076,,
24670,0.046,,
24680,0.044,,
24690,0.049,,
24700,0.048,,
24710,0.061,,
24720,0.072,,
24730,0.066,,
24740,0.062,,
24750,0.074,,
24760,0.111,,
24770,0.153,,
24780,0.100,,
24790,0.062,,
24800,0.064,,
24810,0.061,,
24820,0.060,,
24830,0.129,,
24840,0.141,,
24850,0.103,,
24860,0.124,,
24870,0.109,,
24880,0.183,,
24890,0.119,,
24900,0.084,,
24910,0.095,,
24920,0.120,,
24930,0.105,,
24940,0.119,,
24950,0.100,,
24960,0.118,,
24970,0.110,,
24980,0.161,,
24990,0.114,,
25000,0.088,,
25010,0.122,,
25020,0.114,,
25030,0.049,,
