"0","library(readxl)"
"0","library(patchwork)"
"0","library(ggplot2)"
"0","library(dplyr)"
"2","
Adjuntando el paquete: ‘dplyr’

"
"2","The following objects are masked from ‘package:stats’:

    filter, lag

"
"2","The following objects are masked from ‘package:base’:

    intersect, setdiff, setequal, union

"
"0","library(tidyverse)"
"2","── [1mAttaching core tidyverse packages[22m ────────────────────────────────────────────────────────────────────────────────────────────────────────────────── tidyverse 2.0.0 ──
[32m✔[39m [34mforcats  [39m 1.0.0     [32m✔[39m [34mstringr  [39m 1.5.1
[32m✔[39m [34mlubridate[39m 1.9.4     [32m✔[39m [34mtibble   [39m 3.2.1
[32m✔[39m [34mpurrr    [39m 1.0.2     [32m✔[39m [34mtidyr    [39m 1.3.1
[32m✔[39m [34mreadr    [39m 2.1.5     "
"2","── [1mConflicts[22m ──────────────────────────────────────────────────────────────────────────────────────────────────────────────────────────────────── tidyverse_conflicts() ──
[31m✖[39m [34mdplyr[39m::[32mfilter()[39m masks [34mstats[39m::filter()
[31m✖[39m [34mdplyr[39m::[32mlag()[39m    masks [34mstats[39m::lag()
[36mℹ[39m Use the ]8;;http://conflicted.r-lib.org/conflicted package]8;; to force all conflicts to become errors"
"0","pokemon <- read_xlsx(""datos_pokemon.xlsx"")"
"0","par(mfrow = c(1,4))"
"2","Aviso: unable to open file 'C:/Users/Mariana Velez/OneDrive - Universidad de los andes/Documentos/Universidad/8 semestre/Inferencia E Informática/Laboratorio/Parcial/Parcial/parcial-lab/parcial-lab/.Rproj.user/shared/notebooks/313E1BB6-parcial-lab/1/s/c4nnbxlnl75xm_t/_rs_chunk_plot_001.png' for writing"
"2","Aviso: opening device failed"
"2","Error en (function (filename = ""Rplot%03d.png"", width = 480, height = 480, : 
  unable to start png() device
"
