"0","library(tidyverse)"
"2","── [1mAttaching core tidyverse packages[22m ──── tidyverse 2.0.0 ──
[32m✔[39m [34mdplyr    [39m 1.1.4     [32m✔[39m [34mreadr    [39m 2.1.5
[32m✔[39m [34mforcats  [39m 1.0.0     [32m✔[39m [34mstringr  [39m 1.5.1
[32m✔[39m [34mlubridate[39m 1.9.4     [32m✔[39m [34mtibble   [39m 3.2.1
[32m✔[39m [34mpurrr    [39m 1.0.2     [32m✔[39m [34mtidyr    [39m 1.3.1"
"2","── [1mConflicts[22m ────────────────────── tidyverse_conflicts() ──
[31m✖[39m [34mdplyr[39m::[32mfilter()[39m masks [34mstats[39m::filter()
[31m✖[39m [34mdplyr[39m::[32mlag()[39m    masks [34mstats[39m::lag()
[36mℹ[39m Use the ]8;;http://conflicted.r-lib.org/conflicted package]8;; to force all conflicts to become errors"
"0","library(performance)"
"2","Aviso: package ‘performance’ was built under R version 4.4.3"
"0","library(broom)"
"0","library(ggpmisc) "
"2","Aviso: package ‘ggpmisc’ was built under R version 4.4.3"
"2","Cargando paquete requerido: ggpp
"
"2","Aviso: package ‘ggpp’ was built under R version 4.4.3"
"2","Registered S3 methods overwritten by 'ggpp':
  method                  from   
  heightDetails.titleGrob ggplot2
  widthDetails.titleGrob  ggplot2
"
"2","
Adjuntando el paquete: ‘ggpp’

"
"2","The following object is masked from ‘package:ggplot2’:

    annotate

"
"0","model  <- lm(coc$egg_size ~ coc$ClutchS, data = coc)"
"0","tidy(model)"
