environment	coneMass 
I	9.6
I	9.4
I	8.9
I	8.8
I	8.5
I	8.2
I	9.2
I 9.1
I 9.9
I 9.3
I 9.1
I 9.3
I	9.2
I 9.1
I 9.3
I 9.1
I 8.9
I	9.2
I 9.1
I 9.3
I 9.1
I 9.2
I 8.6
I	9.4
I 9.1
I 9.3
I 9.3
I 9.1
I 8.9
I	9.2
I 9.1
I 9.3
I 9.7
I 9.3
I	9.2
I 9.1
II	6.2
II	6.3
II	6.4
II	6.1
II	6.3
II  5.9
II	6.6
II	6.7
II	6.3
II  6.9
II	6.6
II	6.5
II	5.7
II  6.9
II	6.6
II	6.5
II	6.7
II	6.7
II  6.9
II	6.6
II	6.5
II	6.9
II  6.9
II  6.9
II	6.8
II	6.1
II	6.7
II	6.7
II  6.9
II	6.6
II	6.5
II	6.9
II  6.9
II  6.1
II  6.1
II  6.7
II  6.1
II  6.9
II  6.1
II  6.4
II  6.9
II  6.3
II  6.8
II  6.1
II  6.9
II  5.9
II  5.7
II  5.9
II  6.1
II  6.9
II  6.3
II  6.7
II  6.1
II	6.7
II	6.4
II	6.2
III	5.6
III	5.6
III	5.4
III	5.2
III	5.3
III	5.1
III	5.2
III	5.2
III	5.7
III	5.6
III	5.4
III	5.2
III	5.2
III	5.6
III	5.6
III	5.4
III	5.2
III	5.6
III	5.4
III	5.2
III	5.2
III	5.6
III	5.4
III	5.2
III	5.6
III	5.4
III	5.2
III	5.1
III	5.6
III	5.4
III	5.2
III	5.3
III	5.1
III	5.2
III	5.2
III	5.9
III	5.1
III	5.1
III	5.2
III	5.2
III	5.1
III	5.3
III	5.2
III	5.2