"0"," library(dplyr)"
"0",""
"0",""
"0",""
"0","data <- midwest |>"
"0","  mutate(metropolitan_status = case_when("
"0","    inmetro == 0 ~ ""No Metropolitano"","
"0","    inmetro == 1 ~ ""Metropolitano"""
"0","  )) |> "
"0","  summarise(ncounty = n(), .by = c(category, state, metropolitan_status)) "
"0",""
"0",""
"0",""
"0","ggplot(data, aes(x = state, fill = category, y = ncounty)) +"
"0","  geom_col() +"
"0","  facet_wrap(~metropolitan_status)+"
"0","  labs(x=""Estado"", y = ""No. Condados"", fill = ""Categoría"")"
