"0","densidad_surv <- ggplot(surv, aes(Supervivencia, fill=Tratamiento)) + "
"0","  facet_wrap(vars(Veneno)) +"
"0","  geom_density() + "
"0","  labs(x = 'Tiempo de Supervivencia', y = 'Frecuencia',fill=""Tratamiento"", title = ""Gráfica de Densidad Supervivencia"") +"
"0","  theme_bw()+"
"0","  theme(plot.title = element_text(hjust=0.5))"
"0","densidad_surv"
"2","Aviso en gzfile(file, ""wb"") :"
"2","
 "
"2"," cannot open compressed file 'C:/Users/Mariana Velez/OneDrive - Universidad de los andes/Documentos/Universidad/8 semestre/Inferencia E Informática/Laboratorio/taller-07/.Rproj.user/shared/notebooks/6039370F-taller-07/1/E81E19F578af73ad/ceit5ehhpbzn4_t/29914357274349cbaeaee5266debdfa3.snapshot', probable reason 'No such file or directory'
"
"2","Error en gzfile(file, ""wb""): no se puede abrir la conexión
"
