"0",""
"0","dist_norm <- rnorm(260, mean = mean(muj$che.de), sd = sd(muj$che.de))"
"0",""
"0",""
"0","Dens_muj <-ggplot( text = ""original"")+"
"0","  geom_density(aes(muj$che.de),fill=""lightblue"",alpha = 0.5) +"
"0","  geom_density(aes(dist_norm),fill=""salmon"",alpha = 0.5) +"
"0","  annotate(""text"", label = ""Original"", x = 16, y = 0.25, color = ""lightblue"") +"
"0","  annotate(""text"", label = ""Simulado"", x = 20, y = 0.2, color = ""salmon"") +"
"0","  labs( title =""Distribución de la Profundidad del Pecho de las Mujeres"", x= ""Profundidad Pecho Mujeres"", y = ""Probabilidad"")+"
"0","  theme_minimal()+"
"0","  theme(plot.title = (element_text(hjust = 0.5)))"
"0","  "
"0","Dens_muj"
