"0","summary(model)"
"1","
Call:
"
"1",""
"1","lm(formula = area ~ FFMC * month, data = fore)"
"1",""
"1","

"
"1",""
"1","Residuals:
"
"1","    Min "
"1","     1Q "
"1"," Median "
"1","     3Q "
"1","    Max "
"1","
"
"1"," -37.39 "
"1"," -14.71 "
"1"," -10.04 "
"1","  -3.87 "
"1","1072.20 "
"1","
"
"1","
Coefficients: ("
"1",""
"1","1"
"1",""
"1"," not defined because of singularities)
"
"1","             "
"1"," Estimate"
"1"," Std. Error"
"1"," t value"
"1"," Pr(>|t|)"
"1","
(Intercept)  "
"1"," -170.849"
"1","    500.475"
"1","  -0.341"
"1","    0.733"
"1","
FFMC         "
"1","    2.095"
"1","      5.828"
"1","   0.359"
"1","    0.719"
"1","
monthaug     "
"1","   98.202"
"1","    517.984"
"1","   0.190"
"1","    0.850"
"1","
monthdec     "
"1"," -401.666"
"1","   3589.104"
"1","  -0.112"
"1","    0.911"
"1","
monthfeb     "
"1","  148.784"
"1","    562.549"
"1","   0.264"
"1","    0.792"
"1","
monthjan     "
"1","  170.849"
"1","    507.820"
"1","   0.336"
"1","    0.737"
"1","
monthjul     "
"1","  362.989"
"1","    621.436"
"1","   0.584"
"1","    0.559"
"1","
monthjun     "
"1","  166.491"
"1","    523.791"
"1","   0.318"
"1","    0.751"
"1","
monthmar     "
"1","  161.664"
"1","    550.031"
"1","   0.294"
"1","    0.769"
"1","
monthmay     "
"1"," -556.851"
"1","   1848.470"
"1","  -0.301"
"1","    0.763"
"1","
monthnov     "
"1","    4.285"
"1","     77.518"
"1","   0.055"
"1","    0.956"
"1","
monthoct     "
"1","  114.311"
"1","    822.422"
"1","   0.139"
"1","    0.890"
"1","
monthsep     "
"1","  137.838"
"1","    512.280"
"1","   0.269"
"1","    0.788"
"1","
FFMC:monthaug"
"1","   -1.173"
"1","      6.005"
"1","  -0.195"
"1","    0.845"
"1","
FFMC:monthdec"
"1","    4.800"
"1","     42.232"
"1","   0.114"
"1","    0.910"
"1","
FFMC:monthfeb"
"1","   -1.753"
"1","      6.598"
"1","  -0.266"
"1","    0.791"
"1","
FFMC:monthjan"
"1","   -2.095"
"1","      6.005"
"1","  -0.349"
"1","    0.727"
"1","
FFMC:monthjul"
"1","   -4.042"
"1","      7.087"
"1","  -0.570"
"1","    0.569"
"1","
FFMC:monthjun"
"1","   -1.981"
"1","      6.077"
"1","  -0.326"
"1","    0.745"
"1","
FFMC:monthmar"
"1","   -1.944"
"1","      6.361"
"1","  -0.306"
"1","    0.760"
"1","
FFMC:monthmay"
"1","    6.456"
"1","     21.182"
"1","   0.305"
"1","    0.761"
"1","
FFMC:monthnov"
"1","       NA"
"1","         NA"
"1","      NA"
"1","       NA"
"1","
FFMC:monthoct"
"1","   -1.397"
"1","      9.273"
"1","  -0.151"
"1","    0.880"
"1","
FFMC:monthsep"
"1","   -1.537"
"1","      5.950"
"1","  -0.258"
"1","    0.796"
"1","
"
"1","
Residual standard error:"
"1"," "
"1","64.8"
"1"," "
"1","on"
"1"," "
"1","494"
"1"," "
"1","degrees of freedom"
"1","
"
"1","Multiple R-squared: "
"1"," "
"1","0.007927"
"1",",	Adjusted R-squared: "
"1"," "
"1","-0.03625"
"1"," "
"1","
F-statistic:"
"1"," "
"1","0.1794"
"1"," "
"1","on"
"1"," "
"1","22"
"1"," "
"1","and"
"1"," "
"1","494"
"1"," "
"1","DF,  p-value:"
"1"," "
"1","1"
"1","
"
"1","
"
"0","check_normality(model)"
"1","[31mWarning: Non-normality of residuals detected (p < .001).
[39m"
"0","check_autocorrelation(model)"
"1","[31mWarning: Autocorrelated residuals detected (p = 0.010).[39m"
"0","check_heteroscedasticity(model)"
"1","[31mWarning: Heteroscedasticity (non-constant error variance) detected (p < .001).
[39m"
"0","plot(check_normality(model),type=""density"")"
